{"stat.useItem.silentgems.machete":3,"stat.pickup.minecraft.bone":40,"stat.pickup.minecraft.wooden_slab":1,"stat.leaveGame":2,"stat.pickup.minecraft.flint":10,"stat.pickup.silentgems.sword":3,"stat.climbOneCm":2909,"stat.pickup.minecraft.glowstone_dust":1,"stat.pickup.lootbags.itemlootbag":40,"stat.useItem.minecraft.dirt":51,"stat.useItem.minecraft.stone_slab2":10,"stat.pickup.minecraft.bow":1,"stat.pickup.minecraft.rotten_flesh":70,"stat.pickup.minecraft.sand":4,"stat.pickup.roughtweaks.plaster":3,"stat.pickup.minecraft.name_tag":1,"stat.craftItem.minecraft.trapdoor":12,"stat.craftItem.silentgems.paxel":17,"stat.pickup.minecraft.cobblestone":238,"stat.mineBlock.minecraft.wooden_slab":1,"stat.mineBlock.chisel.limestone2":17,"stat.flyOneCm":883,"stat.mineBlock.minecraft.sand":4,"stat.useItem.chisel.limestone2":6,"stat.killEntity.Witch":2,"stat.craftItem.minecraft.wooden_slab":30,"stat.timeSinceDeath":57216,"stat.useItem.minecraft.wooden_slab":12,"stat.craftItem.silentgems.machete":1,"stat.mineBlock.chisel.marble2":39,"stat.killEntity.ZombieVillager":1,"stat.pickup.minecraft.string":21,"stat.useItem.silentgems.paxel":1460,"stat.useItem.minecraft.written_book":1,"stat.useItem.minecraft.trapdoor":8,"stat.sprintOneCm":101,"stat.craftItem.minecraft.stick":28,"stat.mineBlock.minecraft.crafting_table":2,"stat.useItem.minecraft.carrot":14,"stat.playOneMinute":57216,"stat.useItem.minecraft.ladder":5,"stat.killEntity.Zombie":63,"stat.killEntity.rainbow_golem":1,"stat.pickup.chisel.marble2":39,"stat.pickup.silentgems.katana":4,"stat.pickup.minecraft.fire_charge":3,"stat.chestOpened":67,"stat.craftItem.minecraft.ladder":6,"stat.pickup.minecraft.gravel":103,"stat.pickup.minecraft.arrow":10,"stat.pickup.roughtweaks.bandage":4,"stat.pickup.minecraft.obsidian":3,"stat.craftItem.minecraft.flint":19,"stat.useItem.cyclicmagic.food_step":1,"stat.jump":11,"stat.pickup.minecraft.coal":7,"stat.fallOneCm":1088,"stat.pickup.minecraft.iron_ingot":1,"ent.learn":1,"stat.pickup.minecraft.spider_eye":8,"stat.craftItem.minecraft.torch":40,"stat.craftItem.minecraft.chest":16,"stat.pickup.ic2.crafting":3,"stat.pickup.minecraft.dirt":820,"stat.craftingTableInteraction":8,"stat.useItem.cyclicmagic.inventory_food":1,"stat.damageTaken":211,"stat.mineBlock.minecraft.torch":4,"stat.pickup.chisel.limestone2":17,"stat.pickup.minecraft.potato":1,"stat.mineBlock.minecraft.gravel":113,"stat.mineBlock.plants2.cosmetic_3":1,"stat.damageDealt":15177,"stat.pickup.silentgems.soulgem":8,"stat.mineBlock.minecraft.dirt":820,"stat.walkOneCm":226294,"stat.useItem.minecraft.torch":46,"stat.useItem.minecraft.chest":15,"stat.pickup.minecraft.stick":2,"stat.pickup.minecraft.crafting_table":2,"stat.craftItem.minecraft.crafting_table":1,"stat.pickup.minecraft.log":322,"stat.pickup.minecraft.stone":26,"stat.pickup.minecraft.sapling":38,"stat.pickup.minecraft.apple":7,"stat.killEntity.Skeleton":6,"stat.pickup.roughtweaks.salve":7,"stat.pickup.silentgems.machete":2,"stat.craftItem.minecraft.planks":84,"stat.killEntity.Spider":18,"stat.mobKills":104,"stat.mineBlock.minecraft.log":291,"stat.mineBlock.minecraft.leaves":40,"stat.pickup.minecraft.torch":11,"phantom.kill":3,"stat.sneakTime":216,"ent.kill":4,"stat.mineBlock.minecraft.stone":264}