{"stat.craftItem.thermalfoundation.material":2,"stat.pickup.minecraft.sugar":1,"phantom.learn":1,"stat.walkOneCm":2206,"stat.pickup.minecraft.bone":12,"stat.jump":1,"stat.playOneMinute":38211,"stat.killEntity.Witch":9,"phantom.kill":6,"stat.leaveGame":9,"stat.sneakTime":7,"stat.damageDealt":3398,"stat.pickup.minecraft.gunpowder":3,"stat.furnaceInteraction":1,"stat.pickup.minecraft.redstone":2,"stat.timeSinceDeath":38211,"stat.pickup.lootbags.itemlootbag":2,"stat.pickup.minecraft.spider_eye":2,"stat.mobKills":15,"stat.pickup.minecraft.obsidian":2,"stat.useItem.minecraft.stone_slab2":1,"stat.useItem.minecraft.spawn_egg":9}