{"stat.walkOneCm":19021,"stat.pickup.minecraft.bone":3,"stat.leaveGame":5,"stat.pickup.thermalfoundation.material":1,"afrit.learn":1,"stat.pickup.refinedstorage.disk_drive":4,"stat.pickup.infernomobs.scorchfirecharge":25,"phantom.learn":1,"stat.jump":20,"stat.pickup.minecraft.coal":12,"stat.pickup.minecraft.porkchop":2,"stat.pickup.lootbags.itemlootbag":7,"stat.pickup.scalinghealth.heartcontainer":1,"stat.pickup.minecraft.sapling":1,"stat.pickup.refinedstorage.grid":1,"stat.useItem.minecraft.stone_slab2":70,"stat.pickup.minecraft.rotten_flesh":2,"stat.pickup.refinedstorage.storage_disk":37,"afrit.kill":27,"stat.pickup.refinedstorage.controller":2,"stat.mobKills":45,"stat.playOneMinute":35603,"stat.pickup.minecraft.blaze_rod":3,"phantom.kill":1,"stat.sneakTime":63,"stat.useItem.infernomobs.infernospawn":27,"stat.pickup.quark.tallow":4,"stat.damageDealt":5382,"stat.killEntity.Zombie":12,"stat.timeSinceDeath":35603,"stat.useItem.minecraft.spawn_egg":3,"stat.killEntity.Pig":2}