{
    "display": {
        "description": {
            "text": "Will you be our Champion?",
            "bold": true,
            "color": "red"
        },
        "title": {
            "text": "Begin Adventure",
            "bold": true,
            "color": "gold"
        },
        "icon": {
            "item": "golden_sword",
            "data": 0
        },
        "frame": "challenge",
        "background": "minecraft:textures/blocks/obsidian.png"
    },
    "criteria": {
        "enter_block-grass": {
            "trigger": "minecraft:enter_block",
            "conditions": {
                "block": "grass"
            }
        }
    },
    "rewards": {
        "function": "custom:beginadventure"
    },
    "requirements": [
        [
            "enter_block-grass"
        ]
    ]
}
