{"stat.walkOneCm":4690,"stat.pickup.minecraft.bone":12,"stat.pickup.minecraft.stick":1,"stat.leaveGame":10,"stat.furnaceInteraction":1,"stat.pickup.minecraft.obsidian":2,"stat.craftItem.thermalfoundation.material":2,"phantom.learn":1,"stat.jump":5,"stat.pickup.minecraft.glowstone_dust":2,"stat.pickup.minecraft.gunpowder":6,"stat.crouchOneCm":2,"stat.pickup.lootbags.itemlootbag":3,"stat.pickup.minecraft.spider_eye":4,"stat.useItem.minecraft.stone_slab2":2,"stat.pickup.roughtweaks.plaster":1,"stat.pickup.roughtweaks.salve":1,"stat.mobKills":17,"stat.pickup.minecraft.sugar":6,"stat.flyOneCm":609,"stat.pickup.minecraft.glass_bottle":2,"belph.kill":1,"stat.playOneMinute":43496,"stat.killEntity.Witch":9,"phantom.kill":7,"stat.sneakTime":16,"stat.damageDealt":3714,"stat.pickup.minecraft.redstone":4,"stat.sleepInBed":3,"stat.timeSinceDeath":43496,"stat.useItem.minecraft.spawn_egg":9}