{
  "triumph:cqadv/root": {
    "criteria": {
      "location": "2018-01-28 08:12:28 -0800"
    },
    "done": true
  },
  "triumph:cqadv/mossy_cobble": {
    "criteria": {
      "crafted": "2018-01-28 10:58:00 -0800"
    },
    "done": true
  },
  "triumph:cqadv/get_stoned": {
    "criteria": {
      "brokeStone": "2018-01-28 08:18:43 -0800"
    },
    "done": true
  },
  "triumph:cqadv/get_wood": {
    "criteria": {
      "brokeLog": "2018-01-28 08:15:32 -0800"
    },
    "done": true
  },
  "triumph:cqadv/get_gravel": {
    "criteria": {
      "brokeGravel": "2018-01-28 08:17:09 -0800"
    },
    "done": true
  }
}