{"stat.craftItem.silentgems.fluffypuff":4,"stat.useItem.silentgems.machete":5,"stat.pickup.minecraft.bone":194,"stat.pickup.minecraft.wooden_slab":12,"stat.leaveGame":3,"stat.mineBlock.minecraft.cobblestone":4,"stat.craftItem.silentgems.craftingmaterial":29,"stat.useItem.minecraft.bookshelf":19,"stat.pickup.minecraft.flint":16,"stat.pickup.silentgems.sword":33,"stat.mineBlock.plants2.double_0":4,"stat.craftItem.minecraft.wool":3,"phantom.learn":1,"stat.swimOneCm":375,"stat.climbOneCm":48667,"stat.mineBlock.minecraft.web":2,"stat.pickup.minecraft.glowstone_dust":20,"stat.pickup.minecraft.porkchop":4,"stat.pickup.lootbags.itemlootbag":185,"stat.craftItem.silentgems.chestplate":1,"stat.useItem.minecraft.dirt":104,"stat.useItem.minecraft.stone_slab2":26,"stat.pickup.minecraft.rotten_flesh":805,"stat.craftItem.minecraft.furnace":1,"stat.pickup.roughtweaks.plaster":24,"stat.killEntity.dire_wolf":2,"stat.pickup.minecraft.name_tag":1,"stat.craftItem.minecraft.trapdoor":12,"stat.craftItem.silentgems.paxel":44,"stat.craftItem.minecraft.cooked_beef":11,"stat.pickup.minecraft.cobblestone":830,"stat.mineBlock.minecraft.clay":2,"stat.mineBlock.chisel.limestone2":4,"stat.flyOneCm":24283,"stat.pickup.minecraft.glass_bottle":8,"stat.craftItem.silentgems.helmet":1,"stat.useItem.chisel.limestone2":3,"stat.killEntity.Witch":22,"stat.craftItem.minecraft.wooden_slab":54,"stat.useItem.minecraft.cooked_beef":3,"stat.craftItem.silentgems.tipupgrade":3,"stat.craftItem.minecraft.book":13,"stat.mineBlock.minecraft.iron_ore":5,"stat.timeSinceDeath":310551,"stat.useItem.minecraft.wooden_slab":12,"stat.pickup.forestmobs.entarm":2,"stat.craftItem.silentgems.machete":11,"stat.craftItem.minecraft.iron_block":3,"stat.craftItem.minecraft.bed":1,"stat.craftItem.silentgems.gemshard":9,"stat.craftItem.silentgems.tomahawk":2,"stat.mineBlock.minecraft.vine":20,"stat.pickup.thermalfoundation.material":3,"stat.furnaceInteraction":12,"stat.pickup.minecraft.trapdoor":1,"stat.killEntity.ZombieVillager":4,"stat.killEntity.Creeper":1,"stat.killEntity.knight_fallen":1,"stat.pickup.minecraft.string":86,"stat.craftItem.cyclicmagic.tool_torch_launcher":1,"stat.pickup.minecraft.beef":11,"stat.pickup.minecraft.furnace":1,"stat.craftItem.minecraft.stone_slab2":0,"stat.useItem.silentgems.paxel":2657,"stat.useItem.minecraft.written_book":1,"stat.pickup.minecraft.leather_helmet":1,"stat.useItem.minecraft.trapdoor":8,"stat.sprintOneCm":122794,"stat.pickup.minecraft.skull":2,"stat.craftItem.minecraft.stick":176,"stat.pickup.mountainmobs.geonachfist":1,"stat.pickup.minecraft.potion":5,"stat.killEntity.withercat":1,"stat.mineBlock.minecraft.crafting_table":2,"stat.pickup.minecraft.pumpkin_seeds":1,"stat.useItem.minecraft.carrot":18,"stat.pickup.minecraft.sugar":5,"stat.pickup.minecraft.vine":19,"stat.playOneMinute":310551,"stat.useItem.minecraft.ladder":61,"stat.craftItem.silentgems.sword":13,"stat.killEntity.Zombie":674,"stat.killEntity.rainbow_golem":1,"stat.pickup.silentgems.katana":17,"stat.pickup.minecraft.fire_charge":4,"stat.mineBlock.minecraft.tallgrass":1,"stat.chestOpened":495,"stat.craftItem.minecraft.mossy_cobblestone":10,"stat.craftItem.minecraft.ladder":66,"stat.useItem.minecraft.stone":1,"stat.pickup.minecraft.gravel":116,"stat.pickup.minecraft.arrow":77,"stat.pickup.minecraft.iron_sword":1,"stat.craftItem.minecraft.cooked_porkchop":4,"stat.useItem.minecraft.apple":37,"stat.pickup.roughtweaks.bandage":30,"stat.pickup.minecraft.obsidian":5,"stat.craftItem.minecraft.flint":58,"stat.useItem.minecraft.potion":1,"stat.useItem.cyclicmagic.food_step":1,"stat.craftItem.minecraft.coal":6,"stat.jump":224,"stat.pickup.minecraft.coal":16,"stat.fallOneCm":13457,"stat.pickup.minecraft.iron_ingot":15,"stat.pickup.minecraft.carrot":39,"stat.pickup.minecraft.melon_seeds":2,"stat.pickup.minecraft.gunpowder":7,"stat.mineBlock.minecraft.chest":2,"stat.pickup.minecraft.spider_eye":26,"ent.learn":1,"stat.craftItem.minecraft.torch":88,"stat.craftItem.minecraft.chest":16,"stat.craftItem.minecraft.iron_ingot":15,"stat.pickup.minecraft.dirt":614,"stat.pickup.minecraft.red_mushroom":1,"stat.craftingTableInteraction":28,"stat.pickup.minecraft.iron_ore":15,"stat.useItem.cyclicmagic.inventory_food":1,"stat.pickup.silentgems.glowrose":2,"stat.pickup.minecraft.iron_axe":1,"stat.mineBlock.minecraft.leaves2":1,"stat.damageTaken":662,"stat.pickup.minecraft.leather":15,"stat.mineBlock.minecraft.torch":4,"stat.mineBlock.minecraft.furnace":1,"stat.pickup.minecraft.prismarine_shard":1,"stat.pickup.chisel.limestone2":4,"stat.pickup.minecraft.bed":3,"stat.pickup.minecraft.wheat_seeds":2,"stat.pickup.minecraft.potato":9,"stat.mineBlock.minecraft.gravel":132,"stat.killEntity.fallenmount":1,"stat.pickup.quark.witch_hat":1,"stat.damageDealt":168823,"stat.pickup.silentgems.soulgem":46,"stat.sleepInBed":1,"stat.craftItem.minecraft.anvil":1,"stat.killEntity.Cow":5,"stat.mineBlock.minecraft.dirt":598,"geonach.kill":10,"stat.walkOneCm":1098370,"stat.useItem.minecraft.torch":75,"stat.useItem.minecraft.bread":10,"stat.pickup.minecraft.golden_apple":9,"stat.useItem.minecraft.chest":14,"stat.pickup.minecraft.stick":70,"stat.craftItem.silentgems.leggings":1,"stat.pickup.minecraft.crafting_table":2,"stat.pickup.minecraft.clay_ball":8,"stat.useItem.minecraft.cobblestone":50,"stat.craftItem.minecraft.crafting_table":1,"stat.craftItem.silentgems.armorframe":4,"stat.pickup.minecraft.log":810,"stat.pickup.minecraft.compass":1,"stat.pickup.minecraft.stone":213,"stat.pickup.minecraft.web":1,"stat.pickup.scalinghealth.heartcontainer":11,"stat.pickup.minecraft.sapling":115,"stat.pickup.minecraft.apple":30,"stat.killEntity.Skeleton":49,"stat.pickup.roughtweaks.salve":23,"stat.pickup.silentgems.machete":29,"stat.craftItem.minecraft.bookshelf":21,"stat.craftItem.minecraft.planks":268,"stat.itemEnchanted":10,"stat.killEntity.Spider":65,"stat.mobKills":876,"stat.craftItem.silentgems.boots":1,"stat.pickup.minecraft.book":60,"stat.mineBlock.minecraft.log":664,"stat.mineBlock.minecraft.bookshelf":20,"stat.craftItem.minecraft.shears":1,"stat.pickup.minecraft.quartz":26,"stat.useItem.minecraft.golden_apple":5,"stat.useItem.minecraft.mossy_cobblestone":9,"stat.mineBlock.minecraft.leaves":1443,"stat.pickup.minecraft.torch":10,"phantom.kill":4,"stat.sneakTime":768,"ent.kill":23,"stat.craftItem.minecraft.coal_block":2,"stat.pickup.silentgems.paxel":1,"stat.mineBlock.minecraft.stone":901,"stat.pickup.minecraft.chest":2,"stat.craftItem.minecraft.enchanting_table":1}