{"stat.walkOneCm":9506,"stat.pickup.minecraft.bone":3,"stat.leaveGame":4,"stat.pickup.thermalfoundation.material":1,"afrit.learn":1,"stat.pickup.refinedstorage.disk_drive":4,"stat.pickup.infernomobs.scorchfirecharge":25,"phantom.learn":1,"stat.jump":10,"stat.pickup.minecraft.coal":12,"stat.pickup.minecraft.porkchop":2,"stat.pickup.lootbags.itemlootbag":6,"stat.pickup.refinedstorage.grid":1,"stat.useItem.minecraft.stone_slab2":6,"stat.pickup.refinedstorage.storage_disk":37,"afrit.kill":27,"stat.pickup.refinedstorage.controller":2,"stat.mobKills":30,"stat.playOneMinute":17032,"stat.pickup.minecraft.blaze_rod":3,"phantom.kill":1,"stat.sneakTime":60,"stat.useItem.infernomobs.infernospawn":27,"stat.pickup.quark.tallow":4,"stat.damageDealt":4674,"stat.timeSinceDeath":17032,"stat.killEntity.Pig":2}